lat_deg,lon_deg,P_detect_single,T_median_single_s,P_detect_multi,T_median_multi_s
-20.0,85.0,0.919,26.0,1.0,26.0
-20.0,90.0,0.958,26.0,1.0,26.0
-20.0,95.0,0.988,26.0,1.0,26.0
-20.0,100.0,1.0,26.0,1.0,26.0
-20.0,105.0,1.0,26.0,1.0,26.0
-20.0,110.0,0.997,26.0,0.998,26.0
-20.0,115.0,0.949,26.0,0.952,26.0
-20.0,120.0,0.867,26.0,0.919,26.0
-20.0,125.0,0.808,26.0,0.845,26.0
-20.0,130.0,0.717,26.0,0.8,26.0
-20.0,135.0,0.676,26.0,0.734,26.0
-20.0,140.0,0.601,26.0,0.725,26.0
-20.0,145.0,0.593,26.0,0.68,26.0
-20.0,150.0,0.572,26.0,0.654,26.0
-20.0,155.0,0.526,26.0,0.572,26.0
-15.0,85.0,0.841,26.0,0.964,26.0
-15.0,90.0,0.892,26.0,0.996,26.0
-15.0,95.0,0.937,26.0,1.0,26.0
-15.0,100.0,0.977,26.0,1.0,26.0
-15.0,105.0,0.996,26.0,1.0,26.0
-15.0,110.0,1.0,26.0,1.0,26.0
-15.0,115.0,0.99,26.0,0.988,26.0
-15.0,120.0,0.911,26.0,0.951,26.0
-15.0,125.0,0.883,26.0,0.895,26.0
-15.0,130.0,0.794,26.0,0.829,26.0
-15.0,135.0,0.744,26.0,0.796,26.0
-15.0,140.0,0.626,26.0,0.748,26.0
-15.0,145.0,0.592,26.0,0.704,26.0
-15.0,150.0,0.582,26.0,0.695,26.0
-15.0,155.0,0.554,26.0,0.654,26.0
-15.0,160.0,0.546,26.0,0.637,26.0
-10.0,85.0,0.742,26.0,0.923,26.0
-10.0,90.0,0.798,26.0,0.95,26.0
-10.0,95.0,0.869,26.0,0.993,26.0
-10.0,100.0,0.917,26.0,1.0,26.0
-10.0,105.0,0.943,26.0,1.0,26.0
-10.0,110.0,0.987,26.0,1.0,26.0
-10.0,115.0,0.995,26.0,0.992,26.0
-10.0,120.0,0.921,26.0,0.954,26.0
-10.0,125.0,0.895,26.0,0.906,26.0
-10.0,130.0,0.813,26.0,0.847,26.0
-10.0,135.0,0.699,26.0,0.797,26.0
-10.0,140.0,0.676,26.0,0.729,26.0
-10.0,145.0,0.594,26.0,0.694,26.0
-10.0,150.0,0.567,26.0,0.727,26.0
-10.0,155.0,0.585,26.0,0.689,26.0
-10.0,160.0,0.554,26.0,0.674,26.0
-5.0,85.0,0.677,26.0,0.861,26.0
-5.0,90.0,0.702,26.0,0.891,26.0
-5.0,95.0,0.737,26.0,0.932,26.0
-5.0,100.0,0.818,26.0,0.981,26.0
-5.0,105.0,0.889,26.0,1.0,26.0
-5.0,110.0,0.938,26.0,1.0,26.0
-5.0,115.0,0.967,26.0,0.999,26.0
-5.0,120.0,0.948,26.0,0.975,26.0
-5.0,125.0,0.928,26.0,0.946,26.0
-5.0,130.0,0.799,26.0,0.865,26.0
-5.0,135.0,0.748,26.0,0.805,26.0
-5.0,140.0,0.694,26.0,0.765,26.0
-5.0,145.0,0.623,26.0,0.715,26.0
-5.0,150.0,0.576,26.0,0.706,26.0
-5.0,155.0,0.546,26.0,0.691,26.0
-5.0,160.0,0.574,26.0,0.725,26.0
0.0,85.0,0.604,26.0,0.766,26.0
0.0,90.0,0.638,26.0,0.864,26.0
0.0,95.0,0.643,26.0,0.844,26.0
0.0,100.0,0.648,26.0,0.921,26.0
0.0,105.0,0.71,26.0,0.961,26.0
0.0,110.0,0.785,26.0,1.0,26.0
0.0,115.0,0.87,26.0,0.996,26.0
0.0,120.0,0.89,26.0,0.973,26.0
0.0,125.0,0.873,26.0,0.933,26.0
0.0,130.0,0.814,26.0,0.893,26.0
0.0,135.0,0.716,26.0,0.793,26.0
0.0,140.0,0.687,26.0,0.759,26.0
0.0,145.0,0.619,26.0,0.728,26.0
0.0,150.0,0.537,26.0,0.703,26.0
0.0,155.0,0.534,26.0,0.706,26.0
0.0,160.0,0.582,26.0,0.733,26.0
0.0,165.0,0.564,26.0,0.786,26.0
5.0,85.0,0.691,26.0,0.79,26.0
5.0,90.0,0.68,26.0,0.722,26.0
5.0,95.0,0.687,26.0,0.777,26.0
5.0,100.0,0.626,26.0,0.816,26.0
5.0,105.0,0.587,26.0,0.819,26.0
5.0,110.0,0.65,26.0,0.836,26.0
5.0,115.0,0.672,26.0,0.919,26.0
5.0,120.0,0.689,26.0,0.907,26.0
5.0,125.0,0.721,26.0,0.894,26.0
5.0,130.0,0.783,26.0,0.874,26.0
5.0,135.0,0.684,26.0,0.809,26.0
5.0,140.0,0.641,26.0,0.764,26.0
5.0,145.0,0.613,26.0,0.739,26.0
5.0,150.0,0.565,26.0,0.698,26.0
5.0,155.0,0.535,26.0,0.718,26.0
5.0,160.0,0.54,26.0,0.815,26.0
5.0,165.0,0.556,26.0,0.859,26.0
10.0,85.0,0.726,26.0,0.852,26.0
10.0,90.0,0.795,26.0,0.86,26.0
10.0,95.0,0.777,26.0,0.798,26.0
10.0,100.0,0.725,26.0,0.756,26.0
10.0,105.0,0.744,26.0,0.809,26.0
10.0,110.0,0.617,26.0,0.75,26.0
10.0,115.0,0.641,26.0,0.74,26.0
10.0,120.0,0.617,26.0,0.782,26.0
10.0,125.0,0.611,26.0,0.848,26.0
10.0,130.0,0.624,26.0,0.844,26.0
10.0,135.0,0.542,26.0,0.773,26.0
10.0,140.0,0.568,26.0,0.71,26.0
10.0,145.0,0.577,26.0,0.726,26.0
10.0,150.0,0.496,26.0,0.727,26.0
10.0,155.0,0.456,26.0,0.789,26.0
10.0,160.0,0.519,26.0,0.834,26.0
10.0,165.0,0.607,26.0,0.917,26.0
15.0,85.0,0.723,26.0,0.911,26.0
15.0,90.0,0.829,26.0,0.94,26.0
15.0,95.0,0.862,26.0,0.925,26.0
15.0,100.0,0.886,26.0,0.94,26.0
15.0,105.0,0.85,26.0,0.87,26.0
15.0,110.0,0.755,26.0,0.81,26.0
15.0,115.0,0.768,26.0,0.81,26.0
15.0,120.0,0.667,26.0,0.789,26.0
15.0,125.0,0.543,26.0,0.69,26.0
15.0,130.0,0.572,26.0,0.705,26.0
15.0,135.0,0.539,26.0,0.758,26.0
15.0,140.0,0.44,26.0,0.722,26.0
15.0,145.0,0.447,26.0,0.775,26.0
15.0,150.0,0.465,26.0,0.774,26.0
15.0,155.0,0.482,26.0,0.793,26.0
15.0,160.0,0.478,26.0,0.847,26.0
15.0,165.0,0.587,26.0,0.906,26.0
20.0,85.0,0.757,26.0,0.931,26.0
20.0,90.0,0.817,26.0,0.967,26.0
20.0,95.0,0.869,26.0,0.987,26.0
20.0,100.0,0.946,26.0,0.996,26.0
20.0,105.0,0.965,26.0,1.0,26.0
20.0,110.0,0.954,26.0,0.99,26.0
20.0,115.0,0.928,26.0,0.946,26.0
20.0,120.0,0.898,26.0,0.9,26.0
20.0,125.0,0.829,26.0,0.858,26.0
20.0,130.0,0.766,26.0,0.802,26.0
20.0,135.0,0.723,26.0,0.744,26.0
20.0,140.0,0.633,26.0,0.717,26.0
20.0,145.0,0.569,26.0,0.735,26.0
20.0,150.0,0.572,26.0,0.719,26.0
20.0,155.0,0.573,26.0,0.753,26.0
20.0,160.0,0.601,26.0,0.8,26.0
20.0,165.0,0.633,26.0,0.846,26.0
25.0,85.0,0.741,26.0,0.896,26.0
25.0,90.0,0.807,26.0,0.97,26.0
25.0,95.0,0.835,26.0,0.988,26.0
25.0,100.0,0.93,26.0,1.0,26.0
25.0,105.0,0.965,26.0,1.0,26.0
25.0,110.0,0.992,26.0,1.0,26.0
25.0,115.0,0.994,26.0,0.999,26.0
25.0,120.0,0.959,26.0,0.981,26.0
25.0,125.0,0.938,26.0,0.947,26.0
25.0,130.0,0.907,26.0,0.913,26.0
25.0,135.0,0.859,26.0,0.85,26.0
25.0,140.0,0.775,26.0,0.794,26.0
25.0,145.0,0.688,26.0,0.73,26.0
25.0,150.0,0.627,26.0,0.727,26.0
25.0,155.0,0.61,26.0,0.736,26.0
25.0,160.0,0.57,26.0,0.699,26.0
25.0,165.0,0.561,26.0,0.763,26.0
30.0,85.0,0.692,26.0,0.869,26.0
30.0,90.0,0.77,26.0,0.942,26.0
30.0,95.0,0.795,26.0,0.975,26.0
30.0,100.0,0.881,26.0,0.993,26.0
30.0,105.0,0.94,26.0,0.999,26.0
30.0,110.0,0.974,26.0,1.0,26.0
30.0,115.0,0.991,26.0,1.0,26.0
30.0,120.0,0.995,26.0,1.0,26.0
30.0,125.0,0.997,26.0,0.998,26.0
30.0,130.0,0.979,26.0,0.967,26.0
30.0,135.0,0.951,26.0,0.942,26.0
30.0,140.0,0.92,26.0,0.926,26.0
30.0,145.0,0.851,26.0,0.856,26.0
30.0,150.0,0.766,26.0,0.8,26.0
30.0,155.0,0.673,26.0,0.778,26.0
30.0,160.0,0.695,26.0,0.752,26.0
35.0,85.0,0.696,26.0,0.861,26.0
35.0,90.0,0.721,26.0,0.901,26.0
35.0,95.0,0.772,26.0,0.948,26.0
35.0,100.0,0.823,26.0,0.969,26.0
35.0,105.0,0.918,26.0,0.985,26.0
35.0,110.0,0.957,26.0,0.997,26.0
35.0,115.0,0.972,26.0,1.0,26.0
35.0,120.0,0.986,26.0,1.0,26.0
35.0,125.0,0.994,26.0,1.0,26.0
35.0,130.0,1.0,26.0,1.0,26.0
35.0,135.0,0.999,26.0,0.998,26.0
35.0,140.0,0.98,26.0,0.982,26.0
35.0,145.0,0.953,26.0,0.969,26.0
35.0,150.0,0.924,26.0,0.931,26.0
35.0,155.0,0.844,26.0,0.88,26.0
35.0,160.0,0.757,26.0,0.823,26.0
40.0,85.0,0.657,26.0,0.817,26.0
40.0,90.0,0.696,26.0,0.876,26.0
40.0,95.0,0.746,26.0,0.918,26.0
40.0,100.0,0.794,26.0,0.935,26.0
40.0,105.0,0.856,26.0,0.97,26.0
40.0,110.0,0.919,26.0,0.984,26.0
40.0,115.0,0.943,26.0,1.0,26.0
40.0,120.0,0.972,26.0,1.0,26.0
40.0,125.0,0.991,26.0,1.0,26.0
40.0,130.0,0.996,26.0,1.0,26.0
40.0,135.0,1.0,26.0,1.0,26.0
40.0,140.0,1.0,26.0,1.0,26.0
40.0,145.0,1.0,26.0,1.0,26.0
40.0,150.0,0.989,26.0,0.995,26.0
40.0,155.0,0.975,26.0,0.969,26.0
45.0,85.0,0.59,26.0,0.755,26.0
45.0,90.0,0.663,26.0,0.812,26.0
45.0,95.0,0.72,26.0,0.844,26.0
45.0,100.0,0.756,26.0,0.902,26.0
45.0,105.0,0.813,26.0,0.938,26.0
45.0,110.0,0.863,26.0,0.958,26.0
45.0,115.0,0.898,26.0,0.991,26.0
45.0,120.0,0.944,26.0,0.999,26.0
45.0,125.0,0.973,26.0,1.0,26.0
45.0,130.0,0.99,26.0,1.0,26.0
45.0,135.0,0.993,26.0,1.0,26.0
45.0,140.0,1.0,26.0,1.0,26.0
45.0,145.0,1.0,26.0,1.0,26.0
45.0,150.0,1.0,26.0,1.0,26.0
45.0,155.0,1.0,26.0,1.0,26.0
50.0,85.0,0.543,26.0,0.732,26.0
50.0,90.0,0.592,26.0,0.764,26.0
50.0,95.0,0.632,26.0,0.793,26.0
50.0,100.0,0.696,26.0,0.868,26.0
50.0,105.0,0.762,26.0,0.9,26.0
50.0,110.0,0.827,26.0,0.938,26.0
50.0,115.0,0.857,26.0,0.962,26.0
50.0,120.0,0.881,26.0,0.987,26.0
50.0,125.0,0.919,26.0,0.994,26.0
50.0,130.0,0.939,26.0,1.0,26.0
50.0,135.0,0.953,26.0,1.0,26.0
50.0,140.0,0.985,26.0,1.0,26.0
50.0,145.0,0.991,26.0,1.0,26.0
