d12_deg,d13_deg,mean_p_single,min_p_single,mean_t_single_s,mean_p_multi,min_p_multi,mean_t_multi_s,score
120,60,0.7585106382978725,0.4166666666666667,26.0,0.8790780141843971,0.65,26.0,123.53432624113475
60,90,0.7028368794326241,0.5,26.0,0.8230496453900709,0.6,26.0,122.51659574468084
90,30,0.751418439716312,0.45,26.0,0.8677304964539008,0.6,26.0,121.81446808510638
90,60,0.7166666666666666,0.4,26.0,0.845390070921986,0.5666666666666667,26.0,114.26836879432624
150,60,0.7322695035460992,0.3333333333333333,26.0,0.853900709219858,0.5666666666666667,26.0,110.3251063829787
90,180,0.6159574468085106,0.38333333333333336,26.0,0.7702127659574467,0.5833333333333334,26.0,108.99177304964539
60,120,0.65177304964539,0.3,26.0,0.8053191489361705,0.5666666666666667,26.0,104.11943262411346
180,90,0.600354609929078,0.3333333333333333,26.0,0.7382978723404255,0.55,26.0,101.73290780141843
30,90,0.6414893617021277,0.35,26.0,0.7666666666666665,0.5,26.0,101.48468085106383
180,60,0.6911347517730496,0.3,26.0,0.8404255319148938,0.48333333333333334,26.0,100.52014184397162
90,120,0.551063829787234,0.2833333333333333,26.0,0.702482269503546,0.5833333333333334,26.0,98.01304964539005
90,150,0.573758865248227,0.31666666666666665,26.02127659574468,0.7471631205673759,0.5166666666666667,26.0,97.70078014184398
30,60,0.6971631205673758,0.26666666666666666,26.0,0.7978723404255318,0.4166666666666667,26.0,92.42439716312056
120,30,0.6553191489361702,0.13333333333333333,26.0,0.8177304964539006,0.4666666666666667,26.0,85.93148936170212
120,90,0.55,0.06666666666666667,26.0,0.7273049645390072,0.4166666666666667,26.0,71.89248226950355
150,90,0.6418439716312057,0.1,26.0,0.7744680851063831,0.26666666666666666,26.0,67.89602836879432
180,30,0.6549645390070923,0.0,26.0,0.8138297872340425,0.21666666666666667,26.0,58.970496453900715
60,180,0.6436170212765956,0.0,26.0,0.8145390070921984,0.18333333333333332,26.0,56.31801418439716
60,150,0.626595744680851,0.05,26.01063829787234,0.7999999999999997,0.11666666666666667,26.0,54.204432624113466
60,30,0.6645390070921985,0.0,26.01086956521739,0.7992907801418441,0.13333333333333333,26.0,52.988118254702435
150,30,0.6049645390070921,0.0,26.0,0.7702127659574469,0.16666666666666666,26.0,52.66198581560284
120,150,0.48120567375886536,0.03333333333333333,26.01063829787234,0.6840425531914893,0.2,26.0,51.03067375886525
120,180,0.6035460992907802,0.03333333333333333,26.03191489361702,0.7407801418439716,0.1,26.0,49.402801418439715
180,120,0.5234042553191489,0.0,26.044444444444444,0.6921985815602837,0.11666666666666667,26.0,44.3743073286052
30,120,0.4716312056737589,0.0,26.033333333333335,0.6443262411347518,0.1,26.0,40.218390070921984
30,180,0.54822695035461,0.0,26.0,0.7283687943262411,0.0,26.0,38.03787234042553
180,150,0.5191489361702128,0.0,26.011363636363637,0.674822695035461,0.03333333333333333,26.0,37.89236863313992
150,180,0.5315602836879433,0.0,26.0,0.7354609929078013,0.0,26.0,37.750638297872335
150,120,0.49609929078014176,0.0,26.011363636363637,0.6638297872340425,0.0,26.0,34.53775870406189
30,150,0.4578014184397163,0.0,26.025641025641026,0.6219858156028369,0.0,26.011627906976745,32.13336061102019
